{
  "lang":"en",
  "name":"pipeline",
  "version":"0.0.0",
  "spacy_version":">=3.4.1,<3.5.0",
  "description":"",
  "author":"",
  "email":"",
  "url":"",
  "license":"",
  "spacy_git_version":"Unknown",
  "vectors":{
    "width":0,
    "vectors":0,
    "keys":0,
    "name":null,
    "mode":"default"
  },
  "labels":{
    "tok2vec":[

    ],
    "ner":[
      "B-Amenity",
      "B-Cuisine",
      "B-Dish",
      "B-Hours",
      "B-Location",
      "B-Price",
      "B-Rating",
      "B-Restaurant_Name",
      "I-Amenity",
      "I-Cuisine",
      "I-Dish",
      "I-Hours",
      "I-Location",
      "I-Price",
      "I-Rating",
      "I-Restaurant_Name"
    ]
  },
  "pipeline":[
    "tok2vec",
    "ner"
  ],
  "components":[
    "tok2vec",
    "ner"
  ],
  "disabled":[

  ],
  "performance":{
    "ents_f":0.7887800534,
    "ents_p":0.786259542,
    "ents_r":0.7913167768,
    "ents_per_type":{
      "B-Rating":{
        "p":0.7860465116,
        "r":0.8407960199,
        "f":0.8125
      },
      "I-Rating":{
        "p":0.8317757009,
        "r":0.712,
        "f":0.7672413793
      },
      "B-Amenity":{
        "p":0.6938405797,
        "r":0.7185741088,
        "f":0.7059907834
      },
      "I-Location":{
        "p":0.8134777377,
        "r":0.8578680203,
        "f":0.8350833848
      },
      "B-Location":{
        "p":0.8345323741,
        "r":0.8571428571,
        "f":0.8456865128
      },
      "B-Cuisine":{
        "p":0.8527131783,
        "r":0.8270676692,
        "f":0.8396946565
      },
      "B-Hours":{
        "p":0.6495327103,
        "r":0.6556603774,
        "f":0.6525821596
      },
      "I-Hours":{
        "p":0.8327759197,
        "r":0.8440677966,
        "f":0.8383838384
      },
      "B-Dish":{
        "p":0.712962963,
        "r":0.8020833333,
        "f":0.7549019608
      },
      "B-Price":{
        "p":0.7807486631,
        "r":0.8538011696,
        "f":0.8156424581
      },
      "I-Price":{
        "p":0.7301587302,
        "r":0.696969697,
        "f":0.7131782946
      },
      "I-Cuisine":{
        "p":0.6740740741,
        "r":0.6740740741,
        "f":0.6740740741
      },
      "I-Amenity":{
        "p":0.750965251,
        "r":0.7423664122,
        "f":0.7466410749
      },
      "B-Restaurant_Name":{
        "p":0.8277634961,
        "r":0.8009950249,
        "f":0.814159292
      },
      "I-Restaurant_Name":{
        "p":0.8580246914,
        "r":0.7091836735,
        "f":0.7765363128
      },
      "I-Dish":{
        "p":0.68,
        "r":0.7024793388,
        "f":0.6910569106
      }
    },
    "tok2vec_loss":5138.9081310832,
    "ner_loss":7090.380378538
  }
}