{
  "lang":"en",
  "name":"pipeline",
  "version":"0.0.0",
  "spacy_version":">=3.4.1,<3.5.0",
  "description":"",
  "author":"",
  "email":"",
  "url":"",
  "license":"",
  "spacy_git_version":"Unknown",
  "vectors":{
    "width":0,
    "vectors":0,
    "keys":0,
    "name":null,
    "mode":"default"
  },
  "labels":{
    "tok2vec":[

    ],
    "ner":[
      "B-Amenity",
      "B-Cuisine",
      "B-Dish",
      "B-Hours",
      "B-Location",
      "B-Price",
      "B-Rating",
      "B-Restaurant_Name",
      "I-Amenity",
      "I-Cuisine",
      "I-Dish",
      "I-Hours",
      "I-Location",
      "I-Price",
      "I-Rating",
      "I-Restaurant_Name"
    ]
  },
  "pipeline":[
    "tok2vec",
    "ner"
  ],
  "components":[
    "tok2vec",
    "ner"
  ],
  "disabled":[

  ],
  "performance":{
    "ents_f":0.7955830865,
    "ents_p":0.7995308553,
    "ents_r":0.7916741111,
    "ents_per_type":{
      "B-Rating":{
        "p":0.8195121951,
        "r":0.8358208955,
        "f":0.8275862069
      },
      "I-Rating":{
        "p":0.8645833333,
        "r":0.664,
        "f":0.7511312217
      },
      "B-Amenity":{
        "p":0.7200736648,
        "r":0.7335834897,
        "f":0.7267657993
      },
      "I-Location":{
        "p":0.8388746803,
        "r":0.8324873096,
        "f":0.8356687898
      },
      "B-Location":{
        "p":0.8768844221,
        "r":0.8596059113,
        "f":0.868159204
      },
      "B-Cuisine":{
        "p":0.8144144144,
        "r":0.8496240602,
        "f":0.8316467341
      },
      "B-Hours":{
        "p":0.7047619048,
        "r":0.6981132075,
        "f":0.7014218009
      },
      "I-Hours":{
        "p":0.8600682594,
        "r":0.8542372881,
        "f":0.8571428571
      },
      "B-Price":{
        "p":0.7475247525,
        "r":0.8830409357,
        "f":0.8096514745
      },
      "I-Cuisine":{
        "p":0.6842105263,
        "r":0.6740740741,
        "f":0.6791044776
      },
      "B-Dish":{
        "p":0.7403846154,
        "r":0.8020833333,
        "f":0.77
      },
      "I-Amenity":{
        "p":0.7351247601,
        "r":0.7309160305,
        "f":0.7330143541
      },
      "I-Dish":{
        "p":0.7647058824,
        "r":0.6446280992,
        "f":0.6995515695
      },
      "I-Price":{
        "p":0.701754386,
        "r":0.6060606061,
        "f":0.6504065041
      },
      "B-Restaurant_Name":{
        "p":0.8431876607,
        "r":0.815920398,
        "f":0.8293299621
      },
      "I-Restaurant_Name":{
        "p":0.8121387283,
        "r":0.7168367347,
        "f":0.7615176152
      }
    },
    "tok2vec_loss":2384.4914345089,
    "ner_loss":9166.4897203223
  }
}